display_name,stub,dropdown_parent
HOME,https://library.josephy.org/,
JOSEPHY CENTER,https://josephy.org/,
ABOUT,,
THE LIBRARY,https://library.josephy.org/about/,ABOUT
ALVIN JOSEPHY,https://library.josephy.org/alvin-josephy/,ABOUT
LIBRARY DIRECTOR,https://library.josephy.org/library-director/,ABOUT
COLLECTIONS,,
NEZ PERCE ARCHIVES,https://library.josephy.org/archives,COLLECTIONS
JOSEPHY LIBRARY BOOKS,https://catalog.sage.eou.edu/eg/opac/results?query=*&qtype=keyword&fg%3Amat_format=&locg=175&detail_record_view=1&_adv=1&sort=,COLLECTIONS
AUDIO ARCHIVES,https://library.josephy.org/collections/audio-archives/,COLLECTIONS
EXHIBITS,,
NEZ PERCE: REMOVAL AND RETURN EXHIBIT,https://library.josephy.org/the-nez-perce-in-oregon-removal-and-return/,EXHIBITS
HISTORIC PHOTOS OF WALLOWA,https://library.josephy.org/historic-photos-virtual-exhibit/,EXHIBITS
ALVIN JOSEPHY,https://josephy.org/alvin-josephy/,EXHIBITS
NEZ PERCE MUSIC EXHIBIT,https://library.josephy.org/nez-perce-music/,EXHIBITS
'THE WAY THEY LIVED' EXHIBIT,https://library.josephy.org/the-way-they-lived/,EXHIBITS
DAMS, SALMON, & CONTROVERSY,https://library.josephy.org/dams-salmon-and-controversy/,EXHIBITS
NEZ PERCE,,
ABOUT THE NIIMÍIPUU,https://library.josephy.org/nimiipuu-2/,NEZ PERCE
EXHIBIT ARCHIVE,https://josephy.org/new/exhibit-archive/?_art_type=nez-perce,NEZ PERCE
NEZ PERCE BOOKS,https://catalog.sage.eou.edu/eg/opac/results?query=Nez+Perce+&qtype=keyword&fg%3Amat_format=&locg=175&detail_record_view=1&_adv=1&page=0&sort=/,NEZ PERCE
ANCESTRAL WALLOWA LANDS,https://library.josephy.org/ancestral-wallowa-lands/,NEZ PERCE
REMOVAL & RETURN,https://library.josephy.org/nez-perce-in-oregon/,NEZ PERCE
NEZ PERCE TREATIES,https://library.josephy.org/nez-perce-treaties-reservations/,NEZ PERCE
'ETWEYÉ·WISE SCULPTURE,https://library.josephy.org/etweye%c2%b7wise/,NEZ PERCE
NEZ PERCE MUSIC EXHIBIT,https://josephy.org/nez-perce-music-a-historical-sketch/,NEZ PERCE
'THE WAY THEY LIVED' EXHIBIT,https://josephy.org/native-american-art-exhibit-and-auction/,NEZ PERCE
NEZ PERCE EPHEMERA,https://library.josephy.org/archives/browse.html#Nez%20Perce%20Ephemera,NEZ PERCE
TRAVELING EXHIBITS,https://library.josephy.org/traveling-exhibits/,
LIBRARY BLOG,https://library.josephy.org/blog/,
DONATE,https://josephy.org/donate